3.000E-001 	 3.8438E+000 	 3.7297E+000 
3.020E-001 	 3.8657E+000 	 3.6985E+000 
3.040E-001 	 3.8807E+000 	 3.6065E+000 
3.060E-001 	 3.8921E+000 	 3.5248E+000 
3.080E-001 	 3.8997E+000 	 3.4508E+000 
3.100E-001 	 3.9050E+000 	 3.3843E+000 
3.120E-001 	 3.9102E+000 	 3.3245E+000 
3.140E-001 	 3.9148E+000 	 3.2696E+000 
3.160E-001 	 3.9177E+000 	 3.2191E+000 
3.180E-001 	 3.9202E+000 	 3.1731E+000 
3.200E-001 	 3.9239E+000 	 3.1316E+000 
3.220E-001 	 3.9282E+000 	 3.0936E+000 
3.240E-001 	 3.9319E+000 	 3.0577E+000 
3.260E-001 	 3.9354E+000 	 3.0236E+000 
3.280E-001 	 3.9399E+000 	 2.9913E+000 
3.300E-001 	 3.9451E+000 	 2.9609E+000 
3.320E-001 	 3.9502E+000 	 2.9321E+000 
3.340E-001 	 3.9552E+000 	 2.9053E+000 
3.360E-001 	 3.9605E+000 	 2.8802E+000 
3.380E-001 	 3.9663E+000 	 2.8561E+000 
3.400E-001 	 3.9722E+000 	 2.8329E+000 
3.420E-001 	 3.9780E+000 	 2.8106E+000 
3.440E-001 	 3.9838E+000 	 2.7892E+000 
3.460E-001 	 3.9902E+000 	 2.7687E+000 
3.480E-001 	 3.9971E+000 	 2.7487E+000 
3.500E-001 	 4.0043E+000 	 2.7292E+000 
3.520E-001 	 4.0115E+000 	 2.7106E+000 
3.540E-001 	 4.0192E+000 	 2.6929E+000 
3.560E-001 	 4.0276E+000 	 2.6759E+000 
3.580E-001 	 4.0366E+000 	 2.6591E+000 
3.600E-001 	 4.0461E+000 	 2.6426E+000 
3.620E-001 	 4.0559E+000 	 2.6260E+000 
3.640E-001 	 4.0663E+000 	 2.6096E+000 
3.660E-001 	 4.0771E+000 	 2.5928E+000 
3.680E-001 	 4.0884E+000 	 2.5750E+000 
3.700E-001 	 4.0996E+000 	 2.5562E+000 
3.720E-001 	 4.1102E+000 	 2.5367E+000 
3.740E-001 	 4.1205E+000 	 2.5165E+000 
3.760E-001 	 4.1292E+000 	 2.4953E+000 
3.780E-001 	 4.1366E+000 	 2.4736E+000 
3.800E-001 	 4.1432E+000 	 2.4519E+000 
3.820E-001 	 4.1485E+000 	 2.4299E+000 
3.840E-001 	 4.1526E+000 	 2.4082E+000 
3.860E-001 	 4.1560E+000 	 2.3870E+000 
3.880E-001 	 4.1570E+000 	 2.3659E+000 
3.900E-001 	 4.1565E+000 	 2.3408E+000 
3.920E-001 	 4.1553E+000 	 2.3057E+000 
3.940E-001 	 4.1538E+000 	 2.2688E+000 
3.960E-001 	 4.1515E+000 	 2.2422E+000 
3.980E-001 	 4.1469E+000 	 2.2334E+000 
4.000E-001 	 4.1410E+000 	 2.2298E+000 
4.020E-001 	 4.1338E+000 	 2.2253E+000 
4.040E-001 	 4.1250E+000 	 2.2151E+000 
4.060E-001 	 4.1154E+000 	 2.2003E+000 
4.080E-001 	 4.1061E+000 	 2.1851E+000 
4.100E-001 	 4.0968E+000 	 2.1738E+000 
4.120E-001 	 4.0875E+000 	 2.1655E+000 
4.140E-001 	 4.0792E+000 	 2.1588E+000 
4.160E-001 	 4.0714E+000 	 2.1545E+000 
4.180E-001 	 4.0641E+000 	 2.1512E+000 
4.200E-001 	 4.0573E+000 	 2.1483E+000 
4.220E-001 	 4.0511E+000 	 2.1465E+000 
4.240E-001 	 4.0450E+000 	 2.1459E+000 
4.260E-001 	 4.0397E+000 	 2.1469E+000 
4.280E-001 	 4.0364E+000 	 2.1490E+000 
4.300E-001 	 4.0341E+000 	 2.1515E+000 
4.320E-001 	 4.0321E+000 	 2.1550E+000 
4.340E-001 	 4.0307E+000 	 2.1598E+000 
4.360E-001 	 4.0300E+000 	 2.1652E+000 
4.380E-001 	 4.0304E+000 	 2.1708E+000 
4.400E-001 	 4.0319E+000 	 2.1765E+000 
4.420E-001 	 4.0341E+000 	 2.1825E+000 
4.440E-001 	 4.0367E+000 	 2.1889E+000 
4.460E-001 	 4.0405E+000 	 2.1954E+000 
4.480E-001 	 4.0453E+000 	 2.2022E+000 
4.500E-001 	 4.0508E+000 	 2.2092E+000 
4.520E-001 	 4.0566E+000 	 2.2164E+000 
4.540E-001 	 4.0626E+000 	 2.2236E+000 
4.560E-001 	 4.0695E+000 	 2.2309E+000 
4.580E-001 	 4.0772E+000 	 2.2383E+000 
4.600E-001 	 4.0853E+000 	 2.2458E+000 
4.620E-001 	 4.0941E+000 	 2.2534E+000 
4.640E-001 	 4.1036E+000 	 2.2612E+000 
4.660E-001 	 4.1136E+000 	 2.2691E+000 
4.680E-001 	 4.1242E+000 	 2.2771E+000 
4.700E-001 	 4.1353E+000 	 2.2850E+000 
4.720E-001 	 4.1473E+000 	 2.2929E+000 
4.740E-001 	 4.1602E+000 	 2.3006E+000 
4.760E-001 	 4.1737E+000 	 2.3083E+000 
4.780E-001 	 4.1878E+000 	 2.3159E+000 
4.800E-001 	 4.2023E+000 	 2.3237E+000 
4.820E-001 	 4.2175E+000 	 2.3315E+000 
4.840E-001 	 4.2331E+000 	 2.3393E+000 
4.860E-001 	 4.2494E+000 	 2.3472E+000 
4.880E-001 	 4.2661E+000 	 2.3551E+000 
4.900E-001 	 4.2836E+000 	 2.3630E+000 
4.920E-001 	 4.3018E+000 	 2.3710E+000 
4.940E-001 	 4.3209E+000 	 2.3790E+000 
4.960E-001 	 4.3410E+000 	 2.3870E+000 
4.980E-001 	 4.3620E+000 	 2.3949E+000 
5.000E-001 	 4.3838E+000 	 2.4026E+000 
5.020E-001 	 4.4065E+000 	 2.4103E+000 
5.040E-001 	 4.4302E+000 	 2.4179E+000 
5.060E-001 	 4.4549E+000 	 2.4254E+000 
5.080E-001 	 4.4807E+000 	 2.4327E+000 
5.100E-001 	 4.5078E+000 	 2.4397E+000 
5.120E-001 	 4.5366E+000 	 2.4469E+000 
5.140E-001 	 4.5672E+000 	 2.4546E+000 
5.160E-001 	 4.5998E+000 	 2.4621E+000 
5.180E-001 	 4.6351E+000 	 2.4678E+000 
5.200E-001 	 4.6739E+000 	 2.4701E+000 
5.220E-001 	 4.7152E+000 	 2.4696E+000 
5.240E-001 	 4.7581E+000 	 2.4681E+000 
5.260E-001 	 4.8014E+000 	 2.4656E+000 
5.280E-001 	 4.8440E+000 	 2.4622E+000 
5.300E-001 	 4.8850E+000 	 2.4580E+000 
5.320E-001 	 4.9268E+000 	 2.4531E+000 
5.340E-001 	 4.9699E+000 	 2.4450E+000 
5.360E-001 	 5.0108E+000 	 2.4280E+000 
5.380E-001 	 5.0461E+000 	 2.4017E+000 
5.400E-001 	 5.0734E+000 	 2.3714E+000 
5.420E-001 	 5.0963E+000 	 2.3416E+000 
5.440E-001 	 5.1166E+000 	 2.3144E+000 
5.460E-001 	 5.1349E+000 	 2.2864E+000 
5.480E-001 	 5.1519E+000 	 2.2574E+000 
5.500E-001 	 5.1684E+000 	 2.2285E+000 
5.520E-001 	 5.1850E+000 	 2.2005E+000 
5.540E-001 	 5.2024E+000 	 2.1745E+000 
5.560E-001 	 5.2185E+000 	 2.1514E+000 
5.580E-001 	 5.2336E+000 	 2.1321E+000 
5.600E-001 	 5.2492E+000 	 2.1156E+000 
5.620E-001 	 5.2667E+000 	 2.1010E+000 
5.640E-001 	 5.2875E+000 	 2.0872E+000 
5.660E-001 	 5.3135E+000 	 2.0734E+000 
5.680E-001 	 5.3442E+000 	 2.0588E+000 
5.700E-001 	 5.3785E+000 	 2.0448E+000 
5.720E-001 	 5.4152E+000 	 2.0320E+000 
5.740E-001 	 5.4533E+000 	 2.0193E+000 
5.760E-001 	 5.4916E+000 	 2.0061E+000 
5.780E-001 	 5.5290E+000 	 1.9914E+000 
5.800E-001 	 5.5650E+000 	 1.9745E+000 
5.820E-001 	 5.6078E+000 	 1.9544E+000 
5.840E-001 	 5.6545E+000 	 1.9298E+000 
5.860E-001 	 5.6981E+000 	 1.8931E+000 
5.880E-001 	 5.7315E+000 	 1.8446E+000 
5.900E-001 	 5.7475E+000 	 1.7880E+000 
5.920E-001 	 5.7476E+000 	 1.7266E+000 
5.940E-001 	 5.7459E+000 	 1.6643E+000 
5.960E-001 	 5.7430E+000 	 1.5962E+000 
5.980E-001 	 5.7390E+000 	 1.5106E+000 
6.000E-001 	 5.7341E+000 	 1.4146E+000 
6.020E-001 	 5.7284E+000 	 1.3176E+000 
6.040E-001 	 5.7219E+000 	 1.2295E+000 
6.060E-001 	 5.7148E+000 	 1.1599E+000 
6.080E-001 	 5.7072E+000 	 1.1187E+000 
6.100E-001 	 5.6942E+000 	 1.1227E+000 
6.120E-001 	 5.6746E+000 	 1.1509E+000 
6.140E-001 	 5.6512E+000 	 1.1484E+000 
6.160E-001 	 5.6270E+000 	 1.1224E+000 
6.180E-001 	 5.6047E+000 	 1.0840E+000 
6.200E-001 	 5.5873E+000 	 1.0388E+000 
6.220E-001 	 5.5739E+000 	 9.9243E-001 
6.240E-001 	 5.5621E+000 	 9.5088E-001 
6.260E-001 	 5.5514E+000 	 9.1354E-001 
6.280E-001 	 5.5413E+000 	 8.7602E-001 
6.300E-001 	 5.5315E+000 	 8.3753E-001 
6.320E-001 	 5.5214E+000 	 7.9929E-001 
6.340E-001 	 5.5106E+000 	 7.6251E-001 
6.360E-001 	 5.4988E+000 	 7.2841E-001 
6.380E-001 	 5.4861E+000 	 6.9820E-001 
6.400E-001 	 5.4732E+000 	 6.7307E-001 
6.420E-001 	 5.4600E+000 	 6.5177E-001 
6.440E-001 	 5.4462E+000 	 6.3174E-001 
6.460E-001 	 5.4319E+000 	 6.1235E-001 
6.480E-001 	 5.4170E+000 	 5.9423E-001 
6.500E-001 	 5.4014E+000 	 5.7802E-001 
6.520E-001 	 5.3851E+000 	 5.6435E-001 
6.540E-001 	 5.3674E+000 	 5.5384E-001 
6.560E-001 	 5.3472E+000 	 5.4714E-001 
6.580E-001 	 5.3251E+000 	 5.4433E-001 
6.600E-001 	 5.3016E+000 	 5.4373E-001 
6.620E-001 	 5.2774E+000 	 5.4339E-001 
6.640E-001 	 5.2530E+000 	 5.4315E-001 
6.660E-001 	 5.2292E+000 	 5.4297E-001 
6.680E-001 	 5.2064E+000 	 5.4283E-001 
6.700E-001 	 5.1853E+000 	 5.4270E-001 
6.720E-001 	 5.1665E+000 	 5.4255E-001 
6.740E-001 	 5.1505E+000 	 5.4235E-001 
6.760E-001 	 5.1367E+000 	 5.4207E-001 
6.780E-001 	 5.1238E+000 	 5.4168E-001 
6.800E-001 	 5.1119E+000 	 5.4085E-001 
6.820E-001 	 5.1008E+000 	 5.3866E-001 
6.840E-001 	 5.0903E+000 	 5.3484E-001 
6.860E-001 	 5.0803E+000 	 5.2981E-001 
6.880E-001 	 5.0707E+000 	 5.2397E-001 
6.900E-001 	 5.0615E+000 	 5.1772E-001 
6.920E-001 	 5.0529E+000 	 5.1148E-001 
6.940E-001 	 5.0448E+000 	 5.0562E-001 
6.960E-001 	 5.0371E+000 	 5.0016E-001 
6.980E-001 	 5.0297E+000 	 4.9442E-001 
7.000E-001 	 5.0224E+000 	 4.8839E-001 
7.020E-001 	 5.0151E+000 	 4.8215E-001 
7.040E-001 	 5.0077E+000 	 4.7580E-001 
7.060E-001 	 5.0001E+000 	 4.6941E-001 
7.080E-001 	 4.9921E+000 	 4.6308E-001 
7.100E-001 	 4.9836E+000 	 4.5690E-001 
7.120E-001 	 4.9747E+000 	 4.5094E-001 
7.140E-001 	 4.9654E+000 	 4.4530E-001 
7.160E-001 	 4.9560E+000 	 4.4008E-001 
7.180E-001 	 4.9464E+000 	 4.3533E-001 
7.200E-001 	 4.9369E+000 	 4.3109E-001 
7.220E-001 	 4.9276E+000 	 4.2715E-001 
7.240E-001 	 4.9186E+000 	 4.2345E-001 
7.260E-001 	 4.9100E+000 	 4.1995E-001 
7.280E-001 	 4.9019E+000 	 4.1661E-001 
7.300E-001 	 4.8945E+000 	 4.1340E-001 
7.320E-001 	 4.8874E+000 	 4.1027E-001 
7.340E-001 	 4.8807E+000 	 4.0719E-001 
7.360E-001 	 4.8742E+000 	 4.0412E-001 
7.380E-001 	 4.8680E+000 	 4.0107E-001 
7.400E-001 	 4.8619E+000 	 3.9806E-001 
7.420E-001 	 4.8559E+000 	 3.9508E-001 
7.440E-001 	 4.8501E+000 	 3.9215E-001 
7.460E-001 	 4.8444E+000 	 3.8926E-001 
7.480E-001 	 4.8388E+000 	 3.8643E-001 
7.500E-001 	 4.8331E+000 	 3.8366E-001 
7.520E-001 	 4.8275E+000 	 3.8094E-001 
7.540E-001 	 4.8218E+000 	 3.7829E-001 
7.560E-001 	 4.8160E+000 	 3.7570E-001 
7.580E-001 	 4.8102E+000 	 3.7318E-001 
7.600E-001 	 4.8045E+000 	 3.7075E-001 
7.620E-001 	 4.7988E+000 	 3.6839E-001 
7.640E-001 	 4.7931E+000 	 3.6612E-001 
7.660E-001 	 4.7875E+000 	 3.6395E-001 
7.680E-001 	 4.7819E+000 	 3.6186E-001 
7.700E-001 	 4.7764E+000 	 3.5985E-001 
7.720E-001 	 4.7709E+000 	 3.5790E-001 
7.740E-001 	 4.7654E+000 	 3.5598E-001 
7.760E-001 	 4.7600E+000 	 3.5409E-001 
7.780E-001 	 4.7544E+000 	 3.5220E-001 
7.800E-001 	 4.7488E+000 	 3.5031E-001 
7.820E-001 	 4.7430E+000 	 3.4839E-001 
7.840E-001 	 4.7373E+000 	 3.4645E-001 
7.860E-001 	 4.7315E+000 	 3.4450E-001 
7.880E-001 	 4.7258E+000 	 3.4256E-001 
7.900E-001 	 4.7202E+000 	 3.4061E-001 
7.920E-001 	 4.7146E+000 	 3.3866E-001 
7.940E-001 	 4.7093E+000 	 3.3673E-001 
7.960E-001 	 4.7041E+000 	 3.3480E-001 
7.980E-001 	 4.6992E+000 	 3.3288E-001 
8.000E-001 	 4.6945E+000 	 3.3097E-001 
8.020E-001 	 4.6901E+000 	 3.2908E-001 
8.040E-001 	 4.6861E+000 	 3.2720E-001 
8.060E-001 	 4.6824E+000 	 3.2534E-001 
8.080E-001 	 4.6790E+000 	 3.2351E-001 
8.100E-001 	 4.6758E+000 	 3.2170E-001 
8.120E-001 	 4.6729E+000 	 3.1991E-001 
8.140E-001 	 4.6701E+000 	 3.1817E-001 
8.160E-001 	 4.6674E+000 	 3.1653E-001 
8.180E-001 	 4.6648E+000 	 3.1496E-001 
8.200E-001 	 4.6621E+000 	 3.1347E-001 
8.220E-001 	 4.6595E+000 	 3.1198E-001 
8.240E-001 	 4.6567E+000 	 3.1049E-001 
8.260E-001 	 4.6539E+000 	 3.0896E-001 
8.280E-001 	 4.6509E+000 	 3.0737E-001 
8.300E-001 	 4.6478E+000 	 3.0568E-001 
8.320E-001 	 4.6447E+000 	 3.0386E-001 
8.340E-001 	 4.6415E+000 	 3.0188E-001 
8.360E-001 	 4.6382E+000 	 2.9969E-001 
8.380E-001 	 4.6350E+000 	 2.9718E-001 
8.400E-001 	 4.6316E+000 	 2.9435E-001 
8.420E-001 	 4.6283E+000 	 2.9122E-001 
8.440E-001 	 4.6249E+000 	 2.8783E-001 
8.460E-001 	 4.6215E+000 	 2.8420E-001 
8.480E-001 	 4.6181E+000 	 2.8036E-001 
8.500E-001 	 4.6147E+000 	 2.7633E-001 
8.520E-001 	 4.6113E+000 	 2.7213E-001 
8.540E-001 	 4.6079E+000 	 2.6779E-001 
8.560E-001 	 4.6045E+000 	 2.6335E-001 
8.580E-001 	 4.6011E+000 	 2.5882E-001 
8.600E-001 	 4.5977E+000 	 2.5424E-001 
8.620E-001 	 4.5944E+000 	 2.4963E-001 
8.640E-001 	 4.5912E+000 	 2.4501E-001 
8.660E-001 	 4.5879E+000 	 2.4041E-001 
8.680E-001 	 4.5847E+000 	 2.3585E-001 
8.700E-001 	 4.5816E+000 	 2.3137E-001 
8.720E-001 	 4.5786E+000 	 2.2699E-001 
8.740E-001 	 4.5756E+000 	 2.2273E-001 
8.760E-001 	 4.5727E+000 	 2.1863E-001 
8.780E-001 	 4.5699E+000 	 2.1470E-001 
8.800E-001 	 4.5671E+000 	 2.1098E-001 
8.820E-001 	 4.5645E+000 	 2.0748E-001 
8.840E-001 	 4.5619E+000 	 2.0424E-001 
8.860E-001 	 4.5595E+000 	 2.0128E-001 
8.880E-001 	 4.5572E+000 	 1.9862E-001 
8.900E-001 	 4.5549E+000 	 1.9630E-001 
8.920E-001 	 4.5526E+000 	 1.9435E-001 
8.940E-001 	 4.5504E+000 	 1.9277E-001 
8.960E-001 	 4.5483E+000 	 1.9154E-001 
8.980E-001 	 4.5462E+000 	 1.9046E-001 
9.000E-001 	 4.5441E+000 	 1.8943E-001 
9.020E-001 	 4.5421E+000 	 1.8846E-001 
9.040E-001 	 4.5401E+000 	 1.8754E-001 
9.060E-001 	 4.5381E+000 	 1.8668E-001 
9.080E-001 	 4.5362E+000 	 1.8586E-001 
9.100E-001 	 4.5343E+000 	 1.8509E-001 
9.120E-001 	 4.5324E+000 	 1.8435E-001 
9.140E-001 	 4.5305E+000 	 1.8366E-001 
9.160E-001 	 4.5287E+000 	 1.8300E-001 
9.180E-001 	 4.5269E+000 	 1.8237E-001 
9.200E-001 	 4.5251E+000 	 1.8176E-001 
9.220E-001 	 4.5233E+000 	 1.8119E-001 
9.240E-001 	 4.5215E+000 	 1.8063E-001 
9.260E-001 	 4.5198E+000 	 1.8010E-001 
9.280E-001 	 4.5180E+000 	 1.7958E-001 
9.300E-001 	 4.5163E+000 	 1.7907E-001 
9.320E-001 	 4.5145E+000 	 1.7857E-001 
9.340E-001 	 4.5128E+000 	 1.7807E-001 
9.360E-001 	 4.5110E+000 	 1.7758E-001 
9.380E-001 	 4.5093E+000 	 1.7709E-001 
9.400E-001 	 4.5075E+000 	 1.7659E-001 
9.420E-001 	 4.5057E+000 	 1.7609E-001 
9.440E-001 	 4.5039E+000 	 1.7557E-001 
9.460E-001 	 4.5021E+000 	 1.7505E-001 
9.480E-001 	 4.5003E+000 	 1.7451E-001 
9.500E-001 	 4.4985E+000 	 1.7395E-001 
9.520E-001 	 4.4966E+000 	 1.7337E-001 
9.540E-001 	 4.4947E+000 	 1.7276E-001 
9.560E-001 	 4.4928E+000 	 1.7212E-001 
9.580E-001 	 4.4908E+000 	 1.7145E-001 
9.600E-001 	 4.4888E+000 	 1.7075E-001 
9.620E-001 	 4.4868E+000 	 1.7000E-001 
9.640E-001 	 4.4848E+000 	 1.6922E-001 
9.660E-001 	 4.4827E+000 	 1.6839E-001 
9.680E-001 	 4.4806E+000 	 1.6752E-001 
9.700E-001 	 4.4785E+000 	 1.6659E-001 
9.720E-001 	 4.4763E+000 	 1.6563E-001 
9.740E-001 	 4.4742E+000 	 1.6462E-001 
9.760E-001 	 4.4720E+000 	 1.6357E-001 
9.780E-001 	 4.4699E+000 	 1.6250E-001 
9.800E-001 	 4.4677E+000 	 1.6138E-001 
9.820E-001 	 4.4656E+000 	 1.6024E-001 
9.840E-001 	 4.4634E+000 	 1.5908E-001 
9.860E-001 	 4.4612E+000 	 1.5789E-001 
9.880E-001 	 4.4591E+000 	 1.5667E-001 
9.900E-001 	 4.4570E+000 	 1.5544E-001 
9.920E-001 	 4.4549E+000 	 1.5419E-001 
9.940E-001 	 4.4528E+000 	 1.5294E-001 
9.960E-001 	 4.4507E+000 	 1.5167E-001 
9.980E-001 	 4.4486E+000 	 1.5038E-001 
1.000E+000 	 4.4466E+000 	 1.4910E-001 
1.002E+000 	 4.4446E+000 	 1.4781E-001 
1.004E+000 	 4.4427E+000 	 1.4653E-001 
1.006E+000 	 4.4408E+000 	 1.4525E-001 
1.008E+000 	 4.4389E+000 	 1.4397E-001 
1.010E+000 	 4.4370E+000 	 1.4271E-001 
1.012E+000 	 4.4352E+000 	 1.4146E-001 
1.014E+000 	 4.4335E+000 	 1.4021E-001 
1.016E+000 	 4.4318E+000 	 1.3899E-001 
1.018E+000 	 4.4302E+000 	 1.3779E-001 
1.020E+000 	 4.4286E+000 	 1.3660E-001 
1.022E+000 	 4.4271E+000 	 1.3544E-001 
1.024E+000 	 4.4256E+000 	 1.3431E-001 
1.026E+000 	 4.4243E+000 	 1.3321E-001 
1.028E+000 	 4.4230E+000 	 1.3215E-001 
1.030E+000 	 4.4217E+000 	 1.3113E-001 
1.032E+000 	 4.4206E+000 	 1.3014E-001 
1.034E+000 	 4.4195E+000 	 1.2919E-001 
1.036E+000 	 4.4184E+000 	 1.2829E-001 
1.038E+000 	 4.4174E+000 	 1.2744E-001 
1.040E+000 	 4.4164E+000 	 1.2663E-001 
1.042E+000 	 4.4155E+000 	 1.2587E-001 
1.044E+000 	 4.4145E+000 	 1.2517E-001 
1.046E+000 	 4.4136E+000 	 1.2453E-001 
1.048E+000 	 4.4128E+000 	 1.2392E-001 
1.050E+000 	 4.4119E+000 	 1.2333E-001 
1.052E+000 	 4.4111E+000 	 1.2276E-001 
1.054E+000 	 4.4103E+000 	 1.2220E-001 
1.056E+000 	 4.4095E+000 	 1.2165E-001 
1.058E+000 	 4.4087E+000 	 1.2112E-001 
1.060E+000 	 4.4080E+000 	 1.2060E-001 
1.062E+000 	 4.4073E+000 	 1.2008E-001 
1.064E+000 	 4.4065E+000 	 1.1959E-001 
1.066E+000 	 4.4058E+000 	 1.1911E-001 
1.068E+000 	 4.4052E+000 	 1.1863E-001 
1.070E+000 	 4.4045E+000 	 1.1816E-001 
1.072E+000 	 4.4038E+000 	 1.1771E-001 
1.074E+000 	 4.4032E+000 	 1.1726E-001 
1.076E+000 	 4.4025E+000 	 1.1683E-001 
1.078E+000 	 4.4019E+000 	 1.1640E-001 
1.080E+000 	 4.4013E+000 	 1.1598E-001 
1.082E+000 	 4.4006E+000 	 1.1557E-001 
1.084E+000 	 4.4000E+000 	 1.1517E-001 
1.086E+000 	 4.3994E+000 	 1.1477E-001 
1.088E+000 	 4.3988E+000 	 1.1437E-001 
1.090E+000 	 4.3981E+000 	 1.1399E-001 
1.092E+000 	 4.3975E+000 	 1.1361E-001 
1.094E+000 	 4.3969E+000 	 1.1324E-001 
1.096E+000 	 4.3963E+000 	 1.1286E-001 
1.098E+000 	 4.3956E+000 	 1.1250E-001 
1.100E+000 	 4.3950E+000 	 1.1213E-001 
1.102E+000 	 4.3943E+000 	 1.1177E-001 
1.104E+000 	 4.3937E+000 	 1.1141E-001 
1.106E+000 	 4.3930E+000 	 1.1106E-001 
1.108E+000 	 4.3923E+000 	 1.1070E-001 
1.110E+000 	 4.3916E+000 	 1.1035E-001 
1.112E+000 	 4.3909E+000 	 1.1000E-001 
1.114E+000 	 4.3902E+000 	 1.0965E-001 
1.116E+000 	 4.3894E+000 	 1.0929E-001 
1.118E+000 	 4.3887E+000 	 1.0894E-001 
1.120E+000 	 4.3879E+000 	 1.0859E-001 
1.122E+000 	 4.3871E+000 	 1.0823E-001 
1.124E+000 	 4.3863E+000 	 1.0787E-001 
1.126E+000 	 4.3854E+000 	 1.0752E-001 
1.128E+000 	 4.3846E+000 	 1.0715E-001 
1.130E+000 	 4.3837E+000 	 1.0679E-001 
1.132E+000 	 4.3827E+000 	 1.0641E-001 
1.134E+000 	 4.3818E+000 	 1.0604E-001 
1.136E+000 	 4.3808E+000 	 1.0566E-001 
1.138E+000 	 4.3799E+000 	 1.0528E-001 
1.140E+000 	 4.3789E+000 	 1.0489E-001 
1.142E+000 	 4.3779E+000 	 1.0449E-001 
1.144E+000 	 4.3768E+000 	 1.0410E-001 
1.146E+000 	 4.3758E+000 	 1.0369E-001 
1.148E+000 	 4.3747E+000 	 1.0327E-001 
1.150E+000 	 4.3736E+000 	 1.0285E-001 
1.152E+000 	 4.3725E+000 	 1.0243E-001 
1.154E+000 	 4.3714E+000 	 1.0199E-001 
1.156E+000 	 4.3703E+000 	 1.0155E-001 
1.158E+000 	 4.3692E+000 	 1.0112E-001 
1.160E+000 	 4.3680E+000 	 1.0067E-001 
1.162E+000 	 4.3669E+000 	 1.0022E-001 
1.164E+000 	 4.3657E+000 	 9.9772E-002 
1.166E+000 	 4.3645E+000 	 9.9319E-002 
1.168E+000 	 4.3634E+000 	 9.8863E-002 
1.170E+000 	 4.3622E+000 	 9.8404E-002 
1.172E+000 	 4.3610E+000 	 9.7945E-002 
1.174E+000 	 4.3598E+000 	 9.7484E-002 
1.176E+000 	 4.3587E+000 	 9.7022E-002 
1.178E+000 	 4.3575E+000 	 9.6560E-002 
1.180E+000 	 4.3563E+000 	 9.6099E-002 
1.182E+000 	 4.3551E+000 	 9.5637E-002 
1.184E+000 	 4.3539E+000 	 9.5176E-002 
1.186E+000 	 4.3527E+000 	 9.4717E-002 
1.188E+000 	 4.3515E+000 	 9.4258E-002 
1.190E+000 	 4.3504E+000 	 9.3802E-002 
1.192E+000 	 4.3492E+000 	 9.3348E-002 
1.194E+000 	 4.3480E+000 	 9.2896E-002 
1.196E+000 	 4.3469E+000 	 9.2448E-002 
1.198E+000 	 4.3457E+000 	 9.2003E-002 
1.200E+000 	 4.3446E+000 	 9.1562E-002 
1.202E+000 	 4.3434E+000 	 9.1125E-002 
1.204E+000 	 4.3423E+000 	 9.0693E-002 
1.206E+000 	 4.3412E+000 	 9.0265E-002 
1.208E+000 	 4.3401E+000 	 8.9844E-002 
1.210E+000 	 4.3390E+000 	 8.9427E-002 
1.212E+000 	 4.3380E+000 	 8.9018E-002 
1.214E+000 	 4.3369E+000 	 8.8615E-002 
1.216E+000 	 4.3359E+000 	 8.8218E-002 
1.218E+000 	 4.3348E+000 	 8.7828E-002 
1.220E+000 	 4.3338E+000 	 8.7447E-002 
1.222E+000 	 4.3329E+000 	 8.7074E-002 
1.224E+000 	 4.3319E+000 	 8.6709E-002 
1.226E+000 	 4.3309E+000 	 8.6352E-002 
1.228E+000 	 4.3300E+000 	 8.6006E-002 
1.230E+000 	 4.3291E+000 	 8.5668E-002 
1.232E+000 	 4.3282E+000 	 8.5341E-002 
1.234E+000 	 4.3274E+000 	 8.5024E-002 
1.236E+000 	 4.3266E+000 	 8.4718E-002 
1.238E+000 	 4.3258E+000 	 8.4423E-002 
1.240E+000 	 4.3250E+000 	 8.4141E-002 
1.242E+000 	 4.3242E+000 	 8.3869E-002 
1.244E+000 	 4.3235E+000 	 8.3610E-002 
1.246E+000 	 4.3228E+000 	 8.3364E-002 
1.248E+000 	 4.3221E+000 	 8.3131E-002 
1.250E+000 	 4.3214E+000 	 8.2912E-002 
1.252E+000 	 4.3207E+000 	 8.2706E-002 
1.254E+000 	 4.3200E+000 	 8.2514E-002 
1.256E+000 	 4.3194E+000 	 8.2337E-002 
1.258E+000 	 4.3187E+000 	 8.2176E-002 
1.260E+000 	 4.3181E+000 	 8.2026E-002 
1.262E+000 	 4.3175E+000 	 8.1884E-002 
1.264E+000 	 4.3168E+000 	 8.1747E-002 
1.266E+000 	 4.3162E+000 	 8.1615E-002 
1.268E+000 	 4.3156E+000 	 8.1489E-002 
1.270E+000 	 4.3150E+000 	 8.1367E-002 
1.272E+000 	 4.3145E+000 	 8.1250E-002 
1.274E+000 	 4.3139E+000 	 8.1138E-002 
1.276E+000 	 4.3133E+000 	 8.1030E-002 
1.278E+000 	 4.3128E+000 	 8.0927E-002 
1.280E+000 	 4.3122E+000 	 8.0827E-002 
1.282E+000 	 4.3117E+000 	 8.0732E-002 
1.284E+000 	 4.3111E+000 	 8.0640E-002 
1.286E+000 	 4.3106E+000 	 8.0552E-002 
1.288E+000 	 4.3100E+000 	 8.0467E-002 
1.290E+000 	 4.3095E+000 	 8.0386E-002 
1.292E+000 	 4.3090E+000 	 8.0308E-002 
1.294E+000 	 4.3085E+000 	 8.0232E-002 
1.296E+000 	 4.3080E+000 	 8.0159E-002 
1.298E+000 	 4.3075E+000 	 8.0089E-002 
1.300E+000 	 4.3070E+000 	 8.0021E-002 
1.302E+000 	 4.3064E+000 	 7.9956E-002 
1.304E+000 	 4.3059E+000 	 7.9891E-002 
1.306E+000 	 4.3054E+000 	 7.9830E-002 
1.308E+000 	 4.3049E+000 	 7.9770E-002 
1.310E+000 	 4.3044E+000 	 7.9712E-002 
1.312E+000 	 4.3039E+000 	 7.9654E-002 
1.314E+000 	 4.3034E+000 	 7.9598E-002 
1.316E+000 	 4.3029E+000 	 7.9543E-002 
1.318E+000 	 4.3024E+000 	 7.9488E-002 
1.320E+000 	 4.3019E+000 	 7.9435E-002 
1.322E+000 	 4.3014E+000 	 7.9381E-002 
1.324E+000 	 4.3009E+000 	 7.9329E-002 
1.326E+000 	 4.3004E+000 	 7.9276E-002 
1.328E+000 	 4.2999E+000 	 7.9223E-002 
1.330E+000 	 4.2994E+000 	 7.9170E-002 
1.332E+000 	 4.2989E+000 	 7.9117E-002 
1.334E+000 	 4.2984E+000 	 7.9063E-002 
1.336E+000 	 4.2978E+000 	 7.9009E-002 
1.338E+000 	 4.2973E+000 	 7.8953E-002 
1.340E+000 	 4.2968E+000 	 7.8896E-002 
1.342E+000 	 4.2962E+000 	 7.8838E-002 
1.344E+000 	 4.2957E+000 	 7.8779E-002 
1.346E+000 	 4.2951E+000 	 7.8718E-002 
1.348E+000 	 4.2945E+000 	 7.8655E-002 
1.350E+000 	 4.2940E+000 	 7.8591E-002 
1.352E+000 	 4.2934E+000 	 7.8524E-002 
1.354E+000 	 4.2928E+000 	 7.8456E-002 
1.356E+000 	 4.2922E+000 	 7.8384E-002 
1.358E+000 	 4.2916E+000 	 7.8310E-002 
1.360E+000 	 4.2910E+000 	 7.8233E-002 
1.362E+000 	 4.2904E+000 	 7.8154E-002 
1.364E+000 	 4.2897E+000 	 7.8071E-002 
1.366E+000 	 4.2891E+000 	 7.7984E-002 
1.368E+000 	 4.2885E+000 	 7.7895E-002 
1.370E+000 	 4.2878E+000 	 7.7802E-002 
1.372E+000 	 4.2871E+000 	 7.7705E-002 
1.374E+000 	 4.2864E+000 	 7.7604E-002 
1.376E+000 	 4.2857E+000 	 7.7498E-002 
1.378E+000 	 4.2850E+000 	 7.7388E-002 
1.380E+000 	 4.2843E+000 	 7.7274E-002 
1.382E+000 	 4.2835E+000 	 7.7156E-002 
1.384E+000 	 4.2827E+000 	 7.7032E-002 
1.386E+000 	 4.2819E+000 	 7.6904E-002 
1.388E+000 	 4.2810E+000 	 7.6770E-002 
1.390E+000 	 4.2802E+000 	 7.6631E-002 
1.392E+000 	 4.2793E+000 	 7.6486E-002 
1.394E+000 	 4.2784E+000 	 7.6335E-002 
1.396E+000 	 4.2774E+000 	 7.6180E-002 
1.398E+000 	 4.2765E+000 	 7.6018E-002 
1.400E+000 	 4.2755E+000 	 7.5849E-002 
1.402E+000 	 4.2745E+000 	 7.5648E-002 
1.404E+000 	 4.2734E+000 	 7.5366E-002 
1.406E+000 	 4.2724E+000 	 7.4981E-002 
1.408E+000 	 4.2713E+000 	 7.4512E-002 
1.410E+000 	 4.2702E+000 	 7.3974E-002 
1.412E+000 	 4.2691E+000 	 7.3385E-002 
1.414E+000 	 4.2680E+000 	 7.2763E-002 
1.416E+000 	 4.2668E+000 	 7.2124E-002 
1.418E+000 	 4.2657E+000 	 7.1486E-002 
1.420E+000 	 4.2645E+000 	 7.0866E-002 
1.422E+000 	 4.2633E+000 	 7.0280E-002 
1.424E+000 	 4.2621E+000 	 6.9746E-002 
1.426E+000 	 4.2609E+000 	 6.9282E-002 
1.428E+000 	 4.2596E+000 	 6.8906E-002 
1.430E+000 	 4.2584E+000 	 6.8635E-002 
1.432E+000 	 4.2571E+000 	 6.8486E-002 
1.434E+000 	 4.2559E+000 	 6.8462E-002 
1.436E+000 	 4.2546E+000 	 6.8489E-002 
1.438E+000 	 4.2533E+000 	 6.8544E-002 
1.440E+000 	 4.2520E+000 	 6.8621E-002 
1.442E+000 	 4.2507E+000 	 6.8717E-002 
1.444E+000 	 4.2494E+000 	 6.8827E-002 
1.446E+000 	 4.2480E+000 	 6.8950E-002 
1.448E+000 	 4.2467E+000 	 6.9080E-002 
1.450E+000 	 4.2454E+000 	 6.9214E-002 
1.452E+000 	 4.2440E+000 	 6.9349E-002 
1.454E+000 	 4.2427E+000 	 6.9480E-002 
1.456E+000 	 4.2413E+000 	 6.9605E-002 
1.458E+000 	 4.2400E+000 	 6.9719E-002 
1.460E+000 	 4.2386E+000 	 6.9819E-002 
1.462E+000 	 4.2372E+000 	 6.9902E-002 
1.464E+000 	 4.2359E+000 	 6.9962E-002 
1.466E+000 	 4.2345E+000 	 6.9998E-002 
1.468E+000 	 4.2331E+000 	 7.0006E-002 
1.470E+000 	 4.2317E+000 	 6.9984E-002 
1.472E+000 	 4.2304E+000 	 6.9934E-002 
1.474E+000 	 4.2290E+000 	 6.9859E-002 
1.476E+000 	 4.2276E+000 	 6.9759E-002 
1.478E+000 	 4.2263E+000 	 6.9637E-002 
1.480E+000 	 4.2249E+000 	 6.9495E-002 
1.482E+000 	 4.2236E+000 	 6.9333E-002 
1.484E+000 	 4.2222E+000 	 6.9155E-002 
1.486E+000 	 4.2209E+000 	 6.8960E-002 
1.488E+000 	 4.2195E+000 	 6.8752E-002 
1.490E+000 	 4.2182E+000 	 6.8531E-002 
1.492E+000 	 4.2168E+000 	 6.8301E-002 
1.494E+000 	 4.2155E+000 	 6.8062E-002 
1.496E+000 	 4.2142E+000 	 6.7817E-002 
1.498E+000 	 4.2129E+000 	 6.7567E-002 
1.500E+000 	 4.2116E+000 	 6.7313E-002 
1.502E+000 	 4.2103E+000 	 6.7059E-002 
1.504E+000 	 4.2090E+000 	 6.6798E-002 
1.506E+000 	 4.2078E+000 	 6.6521E-002 
1.508E+000 	 4.2065E+000 	 6.6225E-002 
1.510E+000 	 4.2053E+000 	 6.5908E-002 
1.512E+000 	 4.2041E+000 	 6.5570E-002 
1.514E+000 	 4.2028E+000 	 6.5206E-002 
1.516E+000 	 4.2017E+000 	 6.4818E-002 
1.518E+000 	 4.2005E+000 	 6.4402E-002 
1.520E+000 	 4.1993E+000 	 6.3958E-002 
1.522E+000 	 4.1981E+000 	 6.3484E-002 
1.524E+000 	 4.1970E+000 	 6.2978E-002 
1.526E+000 	 4.1959E+000 	 6.2438E-002 
1.528E+000 	 4.1948E+000 	 6.1864E-002 
1.530E+000 	 4.1937E+000 	 6.1255E-002 
1.532E+000 	 4.1927E+000 	 6.0606E-002 
1.534E+000 	 4.1916E+000 	 5.9918E-002 
1.536E+000 	 4.1906E+000 	 5.9189E-002 
1.538E+000 	 4.1896E+000 	 5.8418E-002 
1.540E+000 	 4.1886E+000 	 5.7590E-002 
1.542E+000 	 4.1877E+000 	 5.6443E-002 
1.544E+000 	 4.1867E+000 	 5.4740E-002 
1.546E+000 	 4.1858E+000 	 5.2557E-002 
1.548E+000 	 4.1849E+000 	 4.9966E-002 
1.550E+000 	 4.1841E+000 	 4.7032E-002 
1.552E+000 	 4.1833E+000 	 4.3819E-002 
1.554E+000 	 4.1825E+000 	 4.0393E-002 
1.556E+000 	 4.1817E+000 	 3.6817E-002 
1.558E+000 	 4.1809E+000 	 3.3157E-002 
1.560E+000 	 4.1802E+000 	 2.9476E-002 
1.562E+000 	 4.1795E+000 	 2.5841E-002 
1.564E+000 	 4.1789E+000 	 2.2316E-002 
1.566E+000 	 4.1782E+000 	 1.8966E-002 
1.568E+000 	 4.1776E+000 	 1.5854E-002 
1.570E+000 	 4.1771E+000 	 1.3046E-002 
1.572E+000 	 4.1765E+000 	 1.0607E-002 
1.574E+000 	 4.1760E+000 	 8.6007E-003 
1.576E+000 	 4.1755E+000 	 7.0920E-003 
1.578E+000 	 4.1751E+000 	 6.1456E-003 
1.580E+000 	 4.1747E+000 	 5.7100E-003 
1.582E+000 	 4.1743E+000 	 5.5127E-003 
1.584E+000 	 4.1740E+000 	 5.3339E-003 
1.586E+000 	 4.1737E+000 	 5.1720E-003 
1.588E+000 	 4.1734E+000 	 5.0256E-003 
1.590E+000 	 4.1732E+000 	 4.8931E-003 
1.592E+000 	 4.1730E+000 	 4.7729E-003 
1.594E+000 	 4.1729E+000 	 4.6637E-003 
1.596E+000 	 4.1728E+000 	 4.5638E-003 
1.598E+000 	 4.1727E+000 	 4.4718E-003 
1.600E+000 	 4.1727E+000 	 4.3862E-003 
1.602E+000 	 4.1727E+000 	 4.3052E-003 
1.604E+000 	 4.1727E+000 	 4.2274E-003 
1.606E+000 	 4.1727E+000 	 4.1513E-003 
1.608E+000 	 4.1727E+000 	 4.0752E-003 
1.610E+000 	 4.1727E+000 	 3.9977E-003 
1.612E+000 	 4.1727E+000 	 3.9172E-003 
1.614E+000 	 4.1727E+000 	 3.8323E-003 
1.616E+000 	 4.1727E+000 	 3.7415E-003 
1.618E+000 	 4.1727E+000 	 3.6432E-003 
1.620E+000 	 4.1727E+000 	 3.5358E-003 
1.622E+000 	 4.1727E+000 	 3.4178E-003 
1.624E+000 	 4.1727E+000 	 3.2888E-003 
1.626E+000 	 4.1727E+000 	 3.1497E-003 
1.628E+000 	 4.1727E+000 	 3.0024E-003 
1.630E+000 	 4.1727E+000 	 2.8484E-003 
1.632E+000 	 4.1727E+000 	 2.6895E-003 
1.634E+000 	 4.1727E+000 	 2.5272E-003 
1.636E+000 	 4.1726E+000 	 2.3634E-003 
1.638E+000 	 4.1725E+000 	 2.1995E-003 
1.640E+000 	 4.1724E+000 	 2.0373E-003 
1.642E+000 	 4.1722E+000 	 1.8784E-003 
1.644E+000 	 4.1720E+000 	 1.7245E-003 
1.646E+000 	 4.1718E+000 	 1.5772E-003 
1.648E+000 	 4.1716E+000 	 1.4384E-003 
1.650E+000 	 4.1713E+000 	 1.3094E-003 
1.652E+000 	 4.1710E+000 	 1.1926E-003 
1.654E+000 	 4.1706E+000 	 1.0894E-003 
1.656E+000 	 4.1703E+000 	 1.0013E-003 
1.658E+000 	 4.1699E+000 	 9.2988E-004 
1.660E+000 	 4.1695E+000 	 8.7695E-004 
1.662E+000 	 4.1691E+000 	 8.4410E-004 
1.664E+000 	 4.1686E+000 	 8.3081E-004 
1.666E+000 	 4.1682E+000 	 8.2512E-004 
1.668E+000 	 4.1677E+000 	 8.2115E-004 
1.670E+000 	 4.1672E+000 	 8.1790E-004 
1.672E+000 	 4.1666E+000 	 8.1519E-004 
1.674E+000 	 4.1661E+000 	 8.1284E-004 
1.676E+000 	 4.1655E+000 	 8.1066E-004 
1.678E+000 	 4.1650E+000 	 8.0845E-004 
1.680E+000 	 4.1644E+000 	 8.0603E-004 
1.682E+000 	 4.1638E+000 	 8.0321E-004 
1.684E+000 	 4.1631E+000 	 7.9979E-004 
1.686E+000 	 4.1625E+000 	 7.9556E-004 
1.688E+000 	 4.1619E+000 	 7.9013E-004 
1.690E+000 	 4.1612E+000 	 7.8309E-004 
1.692E+000 	 4.1605E+000 	 7.7459E-004 
1.694E+000 	 4.1599E+000 	 7.6492E-004 
1.696E+000 	 4.1592E+000 	 7.5434E-004 
1.698E+000 	 4.1585E+000 	 7.4313E-004 
1.700E+000 	 4.1578E+000 	 7.3154E-004 
1.702E+000 	 4.1571E+000 	 7.1985E-004 
1.704E+000 	 4.1563E+000 	 7.0835E-004 
1.706E+000 	 4.1556E+000 	 6.9731E-004 
1.708E+000 	 4.1549E+000 	 6.8699E-004 
1.710E+000 	 4.1542E+000 	 6.7754E-004 
1.712E+000 	 4.1535E+000 	 6.6840E-004 
1.714E+000 	 4.1527E+000 	 6.5937E-004 
1.716E+000 	 4.1520E+000 	 6.5043E-004 
1.718E+000 	 4.1513E+000 	 6.4157E-004 
1.720E+000 	 4.1505E+000 	 6.3279E-004 
1.722E+000 	 4.1498E+000 	 6.2407E-004 
1.724E+000 	 4.1491E+000 	 6.1543E-004 
1.726E+000 	 4.1484E+000 	 6.0687E-004 
1.728E+000 	 4.1477E+000 	 5.9837E-004 
1.730E+000 	 4.1469E+000 	 5.8993E-004 
1.732E+000 	 4.1462E+000 	 5.8155E-004 
1.734E+000 	 4.1455E+000 	 5.7324E-004 
1.736E+000 	 4.1449E+000 	 5.6497E-004 
1.738E+000 	 4.1442E+000 	 5.5676E-004 
1.740E+000 	 4.1435E+000 	 5.4861E-004 
1.742E+000 	 4.1428E+000 	 5.4049E-004 
1.744E+000 	 4.1422E+000 	 5.3243E-004 
1.746E+000 	 4.1415E+000 	 5.2439E-004 
1.748E+000 	 4.1409E+000 	 5.1641E-004 
1.750E+000 	 4.1403E+000 	 5.0846E-004 
1.752E+000 	 4.1397E+000 	 5.0053E-004 
1.754E+000 	 4.1391E+000 	 4.9264E-004 
1.756E+000 	 4.1385E+000 	 4.8478E-004 
1.758E+000 	 4.1380E+000 	 4.7694E-004 
1.760E+000 	 4.1375E+000 	 4.6911E-004 
1.762E+000 	 4.1369E+000 	 4.6130E-004 
1.764E+000 	 4.1364E+000 	 4.5349E-004 
1.766E+000 	 4.1360E+000 	 4.4570E-004 
1.768E+000 	 4.1355E+000 	 4.3792E-004 
1.770E+000 	 4.1351E+000 	 4.3017E-004 
1.772E+000 	 4.1346E+000 	 4.2244E-004 
1.774E+000 	 4.1343E+000 	 4.1475E-004 
1.776E+000 	 4.1339E+000 	 4.0709E-004 
1.778E+000 	 4.1335E+000 	 3.9947E-004 
1.780E+000 	 4.1332E+000 	 3.9189E-004 
1.782E+000 	 4.1329E+000 	 3.8436E-004 
1.784E+000 	 4.1327E+000 	 3.7688E-004 
1.786E+000 	 4.1324E+000 	 3.6946E-004 
1.788E+000 	 4.1322E+000 	 3.6209E-004 
1.790E+000 	 4.1321E+000 	 3.5479E-004 
1.792E+000 	 4.1319E+000 	 3.4756E-004 
1.794E+000 	 4.1318E+000 	 3.4040E-004 
1.796E+000 	 4.1317E+000 	 3.3331E-004 
1.798E+000 	 4.1317E+000 	 3.2631E-004 
1.800E+000 	 4.1316E+000 	 3.1939E-004 
